{"cameraMode":{"drawMode":0,"name":"Shaded","section":"Shading Mode"},"sceneLighting":true,"audioPlay":false,"sceneViewState":{"m_AlwaysRefresh":false,"showFog":true,"showSkybox":true,"showFlares":true,"showImageEffects":true,"showParticleSystems":true,"showVisualEffectGraphs":true,"m_FxEnabled":true},"in2DMode":false,"pivot":{"x":-2.7137908935546877,"y":3.2730002403259279,"z":-0.0703502893447876},"rotation":{"x":-0.026996644213795663,"y":0.002998900366947055,"z":0.0000809901102911681,"w":0.9996300339698792},"size":4.48309850692749,"orthographic":false}